-- --------------------------------------------------------
-- Hôte:                         127.0.0.1
-- Version du serveur:           8.0.30 - MySQL Community Server - GPL
-- SE du serveur:                Win64
-- HeidiSQL Version:             12.1.0.6537
-- --------------------------------------------------------

/*!40101 SET @OLD_CHARACTER_SET_CLIENT=@@CHARACTER_SET_CLIENT */;
/*!40101 SET NAMES utf8 */;
/*!50503 SET NAMES utf8mb4 */;
/*!40103 SET @OLD_TIME_ZONE=@@TIME_ZONE */;
/*!40103 SET TIME_ZONE='+00:00' */;
/*!40014 SET @OLD_FOREIGN_KEY_CHECKS=@@FOREIGN_KEY_CHECKS, FOREIGN_KEY_CHECKS=0 */;
/*!40101 SET @OLD_SQL_MODE=@@SQL_MODE, SQL_MODE='NO_AUTO_VALUE_ON_ZERO' */;
/*!40111 SET @OLD_SQL_NOTES=@@SQL_NOTES, SQL_NOTES=0 */;


-- Listage de la structure de la base pour oriondb
DROP DATABASE IF EXISTS `oriondb`;
CREATE DATABASE IF NOT EXISTS `oriondb` /*!40100 DEFAULT CHARACTER SET utf8mb4 COLLATE utf8mb4_0900_ai_ci */ /*!80016 DEFAULT ENCRYPTION='N' */;
USE `oriondb`;

-- Listage de la structure de table oriondb. hibernate_sequence
DROP TABLE IF EXISTS `hibernate_sequence`;
CREATE TABLE IF NOT EXISTS `hibernate_sequence` (
  `next_val` bigint DEFAULT NULL
) ENGINE=InnoDB DEFAULT CHARSET=utf8mb4 COLLATE=utf8mb4_0900_ai_ci;

-- Listage des données de la table oriondb.hibernate_sequence : ~0 rows (environ)
INSERT INTO `hibernate_sequence` (`next_val`) VALUES
	(1);

-- Listage de la structure de table oriondb. ms_absence
DROP TABLE IF EXISTS `ms_absence`;
CREATE TABLE IF NOT EXISTS `ms_absence` (
  `absence_id` bigint NOT NULL AUTO_INCREMENT,
  `abs_date` date DEFAULT NULL,
  `justified` varchar(255) DEFAULT NULL,
  `position_id` bigint DEFAULT NULL,
  PRIMARY KEY (`absence_id`),
  KEY `FKjc2ggb5tqdmmpokmurr8c1msc` (`position_id`),
  CONSTRAINT `FKjc2ggb5tqdmmpokmurr8c1msc` FOREIGN KEY (`position_id`) REFERENCES `ms_position` (`position_id`)
) ENGINE=InnoDB AUTO_INCREMENT=121 DEFAULT CHARSET=utf8mb4 COLLATE=utf8mb4_0900_ai_ci;

-- Listage des données de la table oriondb.ms_absence : ~76 rows (environ)
INSERT INTO `ms_absence` (`absence_id`, `abs_date`, `justified`, `position_id`) VALUES
	(1, '2023-04-29', 'yes', 17),
	(2, '2023-04-23', 'yes', 8),
	(3, '2023-04-24', 'yes', 11),
	(4, '2023-04-03', 'yes', 1),
	(5, '2023-04-15', 'no', 26),
	(6, '2023-04-18', 'no', 3),
	(7, '2023-04-25', 'yes', 11),
	(8, '2023-04-04', 'no', 6),
	(9, '2023-04-03', 'yes', 19),
	(11, '2023-04-13', 'no', 20),
	(14, '2023-04-09', 'yes', 18),
	(15, '2023-04-28', 'yes', 22),
	(16, '2023-04-14', 'no', 5),
	(21, '2023-04-08', 'yes', 14),
	(22, '2023-04-27', 'no', 13),
	(24, '2023-04-24', 'no', 17),
	(25, '2023-04-04', 'yes', 12),
	(26, '2023-04-29', 'yes', 17),
	(27, '2023-04-21', 'yes', 25),
	(29, '2023-04-05', 'no', 11),
	(31, '2023-04-23', 'yes', 10),
	(33, '2023-04-21', 'yes', 3),
	(34, '2023-04-26', 'yes', 28),
	(35, '2023-04-28', 'yes', 4),
	(36, '2023-04-24', 'yes', 6),
	(38, '2023-04-23', 'yes', 10),
	(40, '2023-04-26', 'yes', 27),
	(41, '2023-04-03', 'no', 6),
	(42, '2023-04-21', 'yes', 17),
	(44, '2023-04-14', 'no', 4),
	(45, '2023-04-12', 'yes', 5),
	(46, '2023-04-14', 'no', 3),
	(48, '2023-04-06', 'yes', 25),
	(49, '2023-04-04', 'yes', 2),
	(50, '2023-04-12', 'yes', 19),
	(53, '2023-04-17', 'yes', 17),
	(54, '2023-04-03', 'no', 5),
	(55, '2023-04-08', 'no', 26),
	(57, '2023-04-23', 'no', 5),
	(59, '2023-04-04', 'no', 19),
	(60, '2023-04-10', 'yes', 21),
	(62, '2023-04-17', 'no', 24),
	(63, '2023-04-06', 'yes', 7),
	(64, '2023-04-21', 'no', 4),
	(65, '2023-04-17', 'no', 23),
	(67, '2023-04-18', 'yes', 10),
	(68, '2023-04-21', 'yes', 20),
	(69, '2023-04-28', 'no', 19),
	(76, '2023-04-17', 'yes', 15),
	(77, '2023-04-21', 'yes', 1),
	(80, '2023-04-11', 'yes', 11),
	(81, '2023-04-18', 'no', 20),
	(82, '2023-04-14', 'yes', 23),
	(83, '2023-04-16', 'no', 5),
	(86, '2023-04-10', 'yes', 26),
	(87, '2023-04-29', 'yes', 5),
	(88, '2023-04-03', 'yes', 8),
	(90, '2023-04-20', 'no', 11),
	(93, '2023-04-17', 'no', 11),
	(95, '2023-04-19', 'no', 4),
	(97, '2023-04-14', 'yes', 15),
	(98, '2023-04-07', 'yes', 1),
	(100, '2023-04-08', 'yes', 28),
	(102, '2023-04-23', 'yes', 13),
	(103, '2023-04-16', 'no', 8),
	(104, '2023-04-11', 'no', 10),
	(107, '2023-04-14', 'no', 9),
	(108, '2023-04-03', 'yes', 17),
	(109, '2023-04-07', 'no', 4),
	(112, '2023-04-11', 'yes', 12),
	(113, '2023-04-03', 'yes', 7),
	(114, '2023-04-04', 'yes', 23),
	(115, '2023-04-25', 'yes', 5),
	(117, '2023-04-10', 'no', 16),
	(119, '2023-04-03', 'no', 17),
	(120, '2023-04-13', 'no', 19);

-- Listage de la structure de table oriondb. ms_evaluation
DROP TABLE IF EXISTS `ms_evaluation`;
CREATE TABLE IF NOT EXISTS `ms_evaluation` (
  `evaluation_id` bigint NOT NULL AUTO_INCREMENT,
  `description` varchar(255) DEFAULT NULL,
  `eval_date` date DEFAULT NULL,
  `status` varchar(255) DEFAULT NULL,
  `subtitle` varchar(255) DEFAULT NULL,
  `position_id` bigint DEFAULT NULL,
  PRIMARY KEY (`evaluation_id`),
  KEY `FKiq20ul69g0inmu3iag1v9s1xj` (`position_id`),
  CONSTRAINT `FKiq20ul69g0inmu3iag1v9s1xj` FOREIGN KEY (`position_id`) REFERENCES `ms_position` (`position_id`)
) ENGINE=InnoDB AUTO_INCREMENT=2 DEFAULT CHARSET=utf8mb4 COLLATE=utf8mb4_0900_ai_ci;

-- Listage des données de la table oriondb.ms_evaluation : ~1 rows (environ)
INSERT INTO `ms_evaluation` (`evaluation_id`, `description`, `eval_date`, `status`, `subtitle`, `position_id`) VALUES
	(1, 'Well deserved promotion', '2023-03-21', 'PROMOTION', 'PROMOTION', 10);

-- Listage de la structure de table oriondb. ms_logbook
DROP TABLE IF EXISTS `ms_logbook`;
CREATE TABLE IF NOT EXISTS `ms_logbook` (
  `logbook_id` bigint NOT NULL AUTO_INCREMENT,
  `checkin_time` time DEFAULT NULL,
  `checkout_time` time DEFAULT NULL,
  `log_date` date DEFAULT NULL,
  `position_id` bigint DEFAULT NULL,
  PRIMARY KEY (`logbook_id`),
  KEY `FK8x2m380pug9pev3xyfcped8aa` (`position_id`),
  CONSTRAINT `FK8x2m380pug9pev3xyfcped8aa` FOREIGN KEY (`position_id`) REFERENCES `ms_position` (`position_id`)
) ENGINE=InnoDB AUTO_INCREMENT=572 DEFAULT CHARSET=utf8mb4 COLLATE=utf8mb4_0900_ai_ci;

-- Listage des données de la table oriondb.ms_logbook : ~570 rows (environ)
INSERT INTO `ms_logbook` (`logbook_id`, `checkin_time`, `checkout_time`, `log_date`, `position_id`) VALUES
	(1, '06:02:00', '21:58:00', '2022-06-28', 13),
	(2, '07:49:00', '20:17:00', '2022-06-06', 9),
	(3, '08:43:00', '22:19:00', '2022-10-08', 20),
	(4, '06:45:00', '20:36:00', '2023-02-26', 20),
	(5, '06:04:00', '22:47:00', '2022-11-06', 19),
	(6, '08:05:00', '22:28:00', '2022-10-23', 13),
	(7, '08:26:00', '23:11:00', '2022-07-07', 18),
	(8, '07:39:00', '17:41:00', '2022-04-02', 22),
	(9, '07:47:00', '20:26:00', '2022-12-04', 28),
	(10, '07:00:00', '18:58:00', '2022-09-25', 13),
	(11, '06:56:00', '18:09:00', '2022-08-02', 20),
	(12, '08:52:00', '16:25:00', '2022-07-31', 28),
	(13, '07:53:00', '21:44:00', '2022-09-03', 1),
	(14, '06:27:00', '20:20:00', '2022-08-25', 1),
	(15, '06:52:00', '17:15:00', '2023-03-21', 23),
	(16, '06:11:00', '22:04:00', '2022-11-27', 21),
	(17, '06:20:00', '17:21:00', '2022-06-16', 28),
	(18, '06:51:00', '20:20:00', '2023-03-27', 25),
	(19, '08:52:00', '19:03:00', '2022-10-26', 11),
	(20, '06:43:00', '22:20:00', '2023-03-12', 15),
	(21, '08:35:00', '22:30:00', '2022-07-25', 2),
	(22, '07:35:00', '16:50:00', '2022-08-25', 8),
	(23, '06:11:00', '18:01:00', '2022-10-14', 11),
	(24, '06:36:00', '17:33:00', '2022-07-22', 28),
	(25, '08:53:00', '22:42:00', '2022-10-13', 3),
	(26, '06:09:00', '19:29:00', '2022-08-11', 24),
	(27, '07:40:00', '23:12:00', '2022-06-02', 8),
	(28, '06:17:00', '21:03:00', '2022-05-09', 4),
	(29, '07:42:00', '22:21:00', '2022-04-11', 22),
	(30, '08:54:00', '20:31:00', '2022-07-22', 13),
	(31, '07:24:00', '16:48:00', '2023-04-16', 23),
	(32, '08:15:00', '23:06:00', '2022-06-12', 26),
	(33, '07:17:00', '21:13:00', '2022-04-09', 11),
	(34, '06:28:00', '20:20:00', '2022-09-05', 24),
	(35, '07:33:00', '21:13:00', '2022-04-13', 2),
	(36, '06:30:00', '18:34:00', '2023-03-10', 24),
	(37, '08:27:00', '23:25:00', '2023-02-02', 19),
	(38, '08:55:00', '20:29:00', '2023-04-09', 12),
	(39, '06:19:00', '21:32:00', '2023-03-04', 6),
	(40, '06:23:00', '20:11:00', '2023-02-05', 11),
	(41, '06:43:00', '16:31:00', '2022-11-27', 13),
	(42, '07:15:00', '20:52:00', '2022-11-07', 9),
	(43, '07:57:00', '23:53:00', '2022-11-20', 13),
	(44, '06:28:00', '17:17:00', '2023-04-22', 13),
	(45, '07:52:00', '23:35:00', '2022-09-21', 4),
	(46, '06:48:00', '21:46:00', '2022-04-29', 24),
	(47, '07:39:00', '17:57:00', '2022-10-14', 17),
	(48, '06:09:00', '23:35:00', '2022-07-31', 7),
	(49, '07:49:00', '21:29:00', '2023-03-11', 19),
	(50, '08:37:00', '16:36:00', '2022-09-02', 3),
	(51, '06:29:00', '21:16:00', '2022-06-21', 7),
	(52, '07:31:00', '21:22:00', '2023-02-19', 18),
	(53, '06:48:00', '18:18:00', '2022-08-03', 24),
	(54, '07:07:00', '17:10:00', '2022-05-26', 21),
	(55, '07:47:00', '21:44:00', '2023-02-05', 2),
	(56, '08:42:00', '23:42:00', '2023-01-30', 28),
	(57, '07:50:00', '18:33:00', '2022-11-21', 2),
	(58, '08:24:00', '22:41:00', '2023-04-14', 4),
	(59, '07:12:00', '16:53:00', '2023-04-13', 28),
	(60, '08:46:00', '18:01:00', '2022-10-24', 8),
	(61, '08:14:00', '21:11:00', '2023-03-05', 7),
	(62, '08:04:00', '20:55:00', '2022-12-29', 1),
	(63, '08:06:00', '23:42:00', '2023-01-05', 16),
	(64, '06:11:00', '21:58:00', '2023-01-05', 19),
	(65, '06:08:00', '22:54:00', '2023-01-11', 18),
	(66, '07:25:00', '22:10:00', '2023-04-06', 5),
	(67, '07:04:00', '19:50:00', '2023-03-27', 21),
	(68, '06:33:00', '22:52:00', '2022-07-22', 23),
	(69, '07:36:00', '17:59:00', '2023-04-20', 3),
	(70, '08:03:00', '17:28:00', '2022-06-12', 23),
	(71, '06:52:00', '22:26:00', '2022-05-16', 13),
	(72, '07:17:00', '19:47:00', '2022-09-09', 20),
	(73, '08:21:00', '23:09:00', '2022-10-22', 28),
	(74, '07:42:00', '17:33:00', '2023-02-15', 13),
	(75, '07:04:00', '19:59:00', '2022-05-17', 24),
	(76, '07:08:00', '18:42:00', '2023-01-03', 28),
	(77, '06:54:00', '17:55:00', '2023-03-13', 10),
	(78, '06:25:00', '22:09:00', '2022-07-11', 24),
	(79, '06:40:00', '23:56:00', '2022-10-17', 23),
	(80, '08:21:00', '19:38:00', '2022-12-26', 18),
	(81, '06:30:00', '19:01:00', '2022-10-31', 11),
	(82, '08:29:00', '22:04:00', '2023-01-23', 9),
	(83, '06:24:00', '16:35:00', '2022-12-18', 26),
	(84, '08:11:00', '17:00:00', '2023-04-05', 16),
	(85, '06:56:00', '16:03:00', '2022-12-17', 19),
	(86, '07:51:00', '19:08:00', '2022-05-27', 6),
	(87, '06:41:00', '18:29:00', '2023-03-11', 27),
	(88, '08:11:00', '20:43:00', '2022-10-12', 12),
	(89, '08:51:00', '21:18:00', '2022-07-22', 16),
	(90, '08:09:00', '18:16:00', '2023-01-29', 13),
	(91, '06:32:00', '19:27:00', '2022-08-24', 15),
	(92, '08:46:00', '19:22:00', '2023-02-22', 18),
	(93, '08:13:00', '19:47:00', '2023-02-08', 12),
	(94, '06:49:00', '16:53:00', '2022-09-29', 22),
	(95, '08:38:00', '23:52:00', '2022-05-14', 17),
	(96, '06:19:00', '18:00:00', '2022-05-20', 12),
	(97, '08:30:00', '17:02:00', '2022-08-22', 2),
	(98, '06:47:00', '23:04:00', '2022-08-06', 20),
	(99, '06:14:00', '17:09:00', '2022-12-22', 24),
	(100, '08:54:00', '22:32:00', '2023-03-19', 26),
	(101, '07:34:00', '18:42:00', '2023-03-19', 23),
	(102, '06:51:00', '16:09:00', '2022-11-10', 17),
	(103, '06:09:00', '16:10:00', '2022-07-29', 6),
	(104, '06:47:00', '18:20:00', '2022-04-17', 14),
	(105, '07:14:00', '21:12:00', '2022-07-23', 21),
	(106, '07:06:00', '19:38:00', '2023-03-31', 17),
	(107, '08:53:00', '19:55:00', '2023-04-24', 19),
	(108, '08:21:00', '21:14:00', '2022-11-19', 4),
	(109, '07:44:00', '21:57:00', '2022-11-26', 9),
	(110, '06:56:00', '23:36:00', '2023-03-21', 21),
	(111, '06:29:00', '16:46:00', '2023-03-02', 11),
	(112, '08:39:00', '18:02:00', '2022-09-25', 8),
	(113, '08:29:00', '23:29:00', '2022-09-01', 5),
	(114, '07:57:00', '21:35:00', '2023-02-15', 26),
	(115, '07:04:00', '21:40:00', '2022-09-08', 7),
	(116, '06:10:00', '21:40:00', '2023-04-12', 2),
	(117, '06:45:00', '16:03:00', '2022-05-26', 13),
	(118, '07:11:00', '18:49:00', '2022-09-06', 4),
	(119, '08:29:00', '19:01:00', '2022-08-17', 24),
	(120, '06:00:00', '23:51:00', '2022-10-22', 3),
	(121, '06:22:00', '19:26:00', '2022-10-05', 17),
	(122, '08:46:00', '19:06:00', '2022-08-17', 18),
	(123, '06:52:00', '23:16:00', '2023-04-28', 24),
	(124, '07:17:00', '16:07:00', '2022-10-26', 27),
	(125, '07:29:00', '22:03:00', '2022-07-20', 14),
	(126, '08:21:00', '22:22:00', '2022-09-20', 18),
	(127, '06:24:00', '22:31:00', '2022-10-07', 15),
	(128, '08:52:00', '22:02:00', '2022-05-14', 25),
	(129, '07:53:00', '22:42:00', '2022-08-30', 13),
	(130, '06:27:00', '16:18:00', '2022-07-23', 3),
	(131, '07:22:00', '20:09:00', '2023-01-13', 24),
	(132, '06:19:00', '17:18:00', '2023-01-23', 28),
	(133, '07:45:00', '22:51:00', '2022-12-07', 12),
	(134, '07:37:00', '22:46:00', '2022-11-18', 3),
	(135, '06:08:00', '21:06:00', '2023-01-01', 13),
	(136, '08:59:00', '16:02:00', '2022-04-28', 5),
	(137, '07:49:00', '21:19:00', '2022-04-27', 21),
	(138, '06:06:00', '20:49:00', '2022-08-11', 25),
	(139, '06:12:00', '22:21:00', '2022-06-02', 18),
	(140, '06:06:00', '21:49:00', '2022-04-25', 22),
	(141, '06:51:00', '19:03:00', '2022-07-14', 2),
	(142, '07:33:00', '20:35:00', '2023-03-16', 8),
	(143, '08:09:00', '16:02:00', '2022-09-25', 23),
	(144, '07:07:00', '17:42:00', '2022-06-21', 11),
	(145, '08:45:00', '23:31:00', '2022-04-14', 2),
	(146, '08:44:00', '19:04:00', '2022-09-19', 3),
	(147, '08:46:00', '22:23:00', '2022-09-24', 20),
	(148, '07:14:00', '21:01:00', '2022-07-10', 24),
	(149, '08:18:00', '18:49:00', '2022-05-13', 27),
	(150, '08:03:00', '16:50:00', '2023-03-21', 11),
	(151, '08:18:00', '22:24:00', '2022-06-30', 17),
	(152, '06:03:00', '23:15:00', '2022-06-17', 24),
	(153, '08:28:00', '17:49:00', '2022-05-14', 3),
	(154, '07:51:00', '23:54:00', '2022-06-29', 28),
	(155, '08:47:00', '22:50:00', '2022-12-01', 5),
	(156, '07:26:00', '23:22:00', '2023-03-22', 28),
	(157, '06:14:00', '23:44:00', '2023-03-21', 12),
	(158, '08:41:00', '20:49:00', '2023-02-05', 9),
	(159, '07:49:00', '20:45:00', '2023-02-17', 15),
	(160, '08:00:00', '22:48:00', '2023-02-14', 28),
	(161, '06:20:00', '17:21:00', '2023-01-28', 12),
	(162, '08:37:00', '16:10:00', '2023-01-13', 2),
	(163, '07:53:00', '19:35:00', '2023-01-15', 23),
	(164, '08:38:00', '19:35:00', '2022-10-09', 6),
	(165, '08:20:00', '21:16:00', '2022-04-16', 16),
	(166, '08:58:00', '16:10:00', '2023-03-13', 20),
	(167, '06:54:00', '17:42:00', '2022-06-26', 6),
	(168, '07:58:00', '16:28:00', '2023-02-06', 13),
	(169, '06:02:00', '21:02:00', '2022-06-29', 6),
	(170, '08:37:00', '16:40:00', '2023-03-29', 14),
	(171, '08:19:00', '21:12:00', '2023-04-03', 3),
	(172, '07:47:00', '18:50:00', '2022-07-13', 14),
	(173, '06:36:00', '21:59:00', '2022-07-26', 16),
	(174, '08:05:00', '20:49:00', '2022-08-12', 22),
	(175, '08:44:00', '19:46:00', '2022-04-25', 19),
	(176, '07:00:00', '17:57:00', '2022-11-12', 18),
	(177, '08:36:00', '22:37:00', '2023-03-27', 17),
	(178, '06:12:00', '22:43:00', '2022-12-14', 28),
	(179, '06:05:00', '16:48:00', '2023-04-18', 8),
	(180, '08:24:00', '23:01:00', '2022-12-25', 20),
	(181, '07:10:00', '22:14:00', '2022-04-16', 23),
	(182, '08:22:00', '18:51:00', '2023-01-08', 8),
	(183, '07:26:00', '18:57:00', '2022-11-08', 11),
	(184, '07:36:00', '20:33:00', '2023-02-22', 1),
	(185, '07:39:00', '17:28:00', '2022-10-22', 15),
	(186, '06:44:00', '20:57:00', '2022-07-02', 6),
	(187, '07:35:00', '19:48:00', '2022-11-12', 11),
	(188, '06:02:00', '19:01:00', '2022-04-17', 19),
	(189, '06:32:00', '16:11:00', '2023-03-22', 2),
	(190, '06:11:00', '18:44:00', '2023-03-18', 6),
	(191, '06:48:00', '17:27:00', '2023-04-17', 20),
	(192, '08:05:00', '21:01:00', '2022-12-05', 22),
	(193, '08:52:00', '20:26:00', '2022-06-25', 7),
	(194, '08:29:00', '21:18:00', '2023-03-26', 13),
	(195, '07:45:00', '23:02:00', '2022-09-17', 28),
	(196, '08:10:00', '20:23:00', '2022-08-25', 27),
	(197, '08:07:00', '20:49:00', '2022-04-28', 7),
	(198, '07:45:00', '19:14:00', '2022-07-02', 28),
	(199, '06:48:00', '18:13:00', '2022-08-11', 2),
	(200, '08:17:00', '22:28:00', '2023-03-19', 16),
	(201, '07:30:00', '22:57:00', '2023-01-02', 3),
	(202, '08:59:00', '20:22:00', '2022-06-08', 26),
	(203, '07:08:00', '18:07:00', '2023-04-27', 7),
	(204, '07:43:00', '19:02:00', '2023-01-01', 16),
	(205, '06:09:00', '20:40:00', '2022-09-13', 8),
	(206, '07:09:00', '23:37:00', '2022-11-15', 5),
	(207, '08:19:00', '19:16:00', '2022-07-25', 10),
	(208, '07:37:00', '21:20:00', '2022-09-22', 19),
	(209, '08:36:00', '18:00:00', '2022-07-17', 23),
	(210, '08:14:00', '20:42:00', '2022-11-10', 18),
	(211, '06:02:00', '23:29:00', '2022-10-27', 2),
	(212, '06:34:00', '16:20:00', '2022-11-28', 5),
	(213, '08:27:00', '22:08:00', '2022-10-05', 27),
	(214, '07:35:00', '21:26:00', '2022-08-19', 13),
	(215, '08:40:00', '18:56:00', '2023-01-12', 5),
	(216, '08:39:00', '19:06:00', '2023-03-14', 8),
	(217, '08:18:00', '22:52:00', '2022-12-18', 25),
	(218, '07:39:00', '21:25:00', '2022-08-09', 21),
	(219, '06:28:00', '20:50:00', '2022-05-19', 24),
	(220, '06:13:00', '20:16:00', '2022-06-27', 7),
	(221, '07:48:00', '22:35:00', '2022-12-30', 5),
	(222, '06:28:00', '20:02:00', '2022-04-21', 6),
	(223, '08:55:00', '22:22:00', '2023-02-15', 5),
	(224, '06:50:00', '20:50:00', '2022-12-16', 15),
	(225, '06:28:00', '18:45:00', '2023-02-04', 20),
	(226, '07:26:00', '19:32:00', '2022-11-12', 1),
	(227, '07:08:00', '16:47:00', '2022-10-31', 25),
	(228, '07:27:00', '16:15:00', '2022-11-08', 1),
	(229, '07:20:00', '23:38:00', '2022-05-28', 4),
	(230, '06:59:00', '22:20:00', '2022-11-27', 2),
	(231, '06:42:00', '18:14:00', '2022-05-02', 10),
	(232, '06:05:00', '21:10:00', '2022-07-04', 21),
	(233, '08:51:00', '19:24:00', '2023-02-15', 17),
	(234, '07:13:00', '17:36:00', '2022-07-06', 14),
	(235, '07:22:00', '22:00:00', '2022-04-27', 3),
	(236, '08:34:00', '20:33:00', '2023-04-23', 5),
	(237, '06:29:00', '17:28:00', '2023-02-17', 4),
	(238, '08:30:00', '18:41:00', '2022-11-25', 9),
	(239, '07:44:00', '17:34:00', '2022-04-05', 1),
	(240, '06:25:00', '21:16:00', '2022-05-29', 21),
	(241, '08:47:00', '23:16:00', '2022-08-08', 8),
	(242, '08:22:00', '19:44:00', '2022-06-22', 8),
	(243, '08:38:00', '22:49:00', '2022-11-27', 6),
	(244, '08:05:00', '18:50:00', '2023-04-23', 16),
	(245, '06:01:00', '17:18:00', '2022-06-27', 18),
	(246, '07:42:00', '20:30:00', '2022-05-08', 27),
	(247, '06:14:00', '16:35:00', '2022-11-01', 1),
	(248, '06:01:00', '16:57:00', '2022-10-16', 26),
	(249, '06:24:00', '21:05:00', '2023-02-22', 19),
	(250, '08:59:00', '22:10:00', '2022-04-14', 7),
	(251, '08:40:00', '19:15:00', '2022-07-08', 14),
	(252, '07:18:00', '16:57:00', '2022-10-29', 17),
	(253, '07:34:00', '21:20:00', '2022-08-24', 5),
	(254, '07:54:00', '22:38:00', '2022-12-31', 26),
	(255, '06:06:00', '22:24:00', '2023-01-01', 16),
	(256, '06:11:00', '23:10:00', '2022-05-20', 6),
	(257, '08:42:00', '16:32:00', '2023-03-08', 11),
	(258, '08:56:00', '20:31:00', '2022-10-28', 1),
	(259, '06:50:00', '16:17:00', '2022-05-13', 2),
	(260, '06:39:00', '21:47:00', '2023-02-10', 24),
	(261, '07:37:00', '19:52:00', '2023-03-22', 23),
	(262, '06:13:00', '22:55:00', '2022-07-15', 22),
	(263, '07:14:00', '21:46:00', '2022-05-15', 14),
	(264, '07:12:00', '16:19:00', '2023-01-19', 22),
	(265, '07:07:00', '18:36:00', '2022-11-29', 7),
	(266, '07:08:00', '19:09:00', '2023-01-21', 25),
	(267, '07:55:00', '16:05:00', '2023-02-14', 24),
	(268, '06:17:00', '16:36:00', '2022-05-14', 1),
	(269, '08:31:00', '21:08:00', '2023-04-18', 14),
	(270, '06:11:00', '16:01:00', '2023-03-06', 4),
	(271, '07:30:00', '23:42:00', '2022-10-09', 16),
	(272, '06:06:00', '21:53:00', '2022-07-21', 19),
	(273, '07:58:00', '19:40:00', '2023-03-21', 2),
	(274, '08:33:00', '20:48:00', '2023-01-18', 24),
	(275, '08:05:00', '18:04:00', '2023-04-08', 24),
	(276, '06:12:00', '23:36:00', '2022-06-14', 13),
	(277, '06:33:00', '23:14:00', '2022-09-09', 14),
	(278, '08:36:00', '21:52:00', '2022-11-28', 21),
	(279, '07:28:00', '18:10:00', '2023-03-25', 28),
	(280, '08:08:00', '19:22:00', '2022-11-16', 7),
	(281, '08:16:00', '21:58:00', '2023-03-22', 12),
	(282, '08:16:00', '17:24:00', '2022-07-16', 12),
	(283, '08:02:00', '16:33:00', '2022-05-09', 20),
	(284, '06:15:00', '20:17:00', '2023-01-07', 14),
	(285, '06:08:00', '16:15:00', '2023-01-07', 26),
	(286, '07:53:00', '17:21:00', '2022-11-29', 23),
	(287, '06:51:00', '20:27:00', '2022-04-20', 9),
	(288, '07:33:00', '21:00:00', '2022-05-24', 18),
	(289, '08:28:00', '18:37:00', '2023-03-20', 15),
	(290, '07:21:00', '16:53:00', '2022-08-17', 19),
	(291, '07:41:00', '22:50:00', '2022-07-02', 10),
	(292, '08:06:00', '18:20:00', '2022-06-10', 27),
	(293, '08:13:00', '19:03:00', '2022-04-03', 26),
	(294, '08:27:00', '16:59:00', '2022-10-02', 22),
	(295, '07:52:00', '20:16:00', '2022-11-23', 6),
	(296, '06:51:00', '23:07:00', '2023-01-06', 16),
	(297, '07:21:00', '21:25:00', '2022-08-25', 20),
	(298, '08:48:00', '17:26:00', '2023-01-05', 8),
	(299, '06:49:00', '22:14:00', '2023-04-01', 26),
	(300, '08:29:00', '22:18:00', '2022-12-24', 20),
	(301, '06:46:00', '20:17:00', '2022-07-13', 4),
	(302, '08:33:00', '19:09:00', '2022-10-12', 3),
	(303, '08:17:00', '20:52:00', '2022-12-07', 23),
	(304, '06:12:00', '17:26:00', '2022-06-04', 20),
	(305, '07:15:00', '21:22:00', '2023-04-13', 28),
	(306, '06:31:00', '16:29:00', '2023-02-09', 15),
	(307, '06:42:00', '18:39:00', '2023-01-26', 3),
	(308, '07:38:00', '22:18:00', '2023-02-07', 2),
	(309, '08:07:00', '22:02:00', '2023-04-03', 17),
	(310, '08:11:00', '23:50:00', '2022-05-24', 24),
	(311, '08:19:00', '21:06:00', '2022-12-12', 18),
	(312, '08:39:00', '18:03:00', '2022-11-02', 28),
	(313, '06:10:00', '21:27:00', '2022-07-24', 21),
	(314, '07:58:00', '19:13:00', '2022-10-04', 3),
	(315, '08:44:00', '19:59:00', '2023-03-22', 2),
	(316, '06:13:00', '20:56:00', '2022-06-03', 13),
	(317, '06:04:00', '17:09:00', '2022-06-18', 15),
	(318, '08:20:00', '22:35:00', '2022-11-04', 3),
	(319, '06:52:00', '19:22:00', '2022-11-01', 19),
	(320, '06:25:00', '16:41:00', '2022-07-05', 26),
	(321, '08:38:00', '17:43:00', '2022-05-05', 28),
	(322, '07:48:00', '16:00:00', '2022-09-18', 16),
	(323, '07:58:00', '21:02:00', '2022-11-20', 13),
	(324, '07:15:00', '21:39:00', '2022-06-24', 13),
	(325, '06:44:00', '20:00:00', '2023-01-18', 27),
	(326, '07:37:00', '20:17:00', '2022-11-28', 10),
	(327, '08:38:00', '22:18:00', '2023-04-28', 2),
	(328, '08:09:00', '22:57:00', '2022-12-13', 12),
	(329, '06:02:00', '18:46:00', '2022-07-18', 19),
	(330, '08:57:00', '16:22:00', '2022-05-12', 14),
	(331, '08:43:00', '22:08:00', '2022-07-29', 19),
	(332, '07:49:00', '19:39:00', '2022-04-16', 3),
	(333, '07:48:00', '23:31:00', '2022-12-05', 21),
	(334, '07:41:00', '16:34:00', '2022-06-02', 11),
	(335, '08:39:00', '17:37:00', '2022-05-31', 21),
	(336, '08:47:00', '19:46:00', '2022-04-30', 5),
	(337, '07:52:00', '17:04:00', '2022-04-10', 1),
	(338, '08:13:00', '19:13:00', '2022-10-24', 1),
	(339, '06:06:00', '20:56:00', '2022-11-07', 5),
	(340, '07:20:00', '18:36:00', '2022-09-16', 3),
	(341, '06:11:00', '16:42:00', '2023-04-23', 22),
	(342, '08:38:00', '20:18:00', '2023-02-04', 23),
	(343, '08:12:00', '21:37:00', '2022-07-19', 10),
	(344, '07:50:00', '17:26:00', '2023-01-24', 4),
	(345, '08:19:00', '19:59:00', '2022-12-31', 8),
	(346, '07:07:00', '23:26:00', '2023-03-03', 11),
	(347, '06:12:00', '17:38:00', '2022-04-07', 28),
	(348, '08:05:00', '16:04:00', '2023-03-01', 11),
	(349, '07:53:00', '18:52:00', '2022-12-02', 2),
	(350, '06:15:00', '17:38:00', '2023-04-04', 15),
	(351, '08:56:00', '17:40:00', '2022-07-22', 2),
	(352, '08:10:00', '18:13:00', '2023-02-09', 26),
	(353, '06:03:00', '19:26:00', '2022-06-06', 6),
	(354, '06:21:00', '22:53:00', '2022-04-13', 7),
	(355, '08:23:00', '21:07:00', '2022-08-18', 8),
	(356, '08:14:00', '18:37:00', '2022-11-18', 14),
	(357, '06:03:00', '22:34:00', '2022-11-02', 27),
	(358, '08:04:00', '18:29:00', '2022-08-15', 5),
	(359, '06:18:00', '23:46:00', '2022-12-31', 12),
	(360, '08:38:00', '16:24:00', '2022-10-27', 9),
	(361, '07:12:00', '19:46:00', '2023-02-05', 12),
	(362, '08:49:00', '17:31:00', '2022-10-28', 27),
	(363, '08:45:00', '22:12:00', '2022-08-12', 11),
	(364, '08:56:00', '23:26:00', '2022-06-13', 28),
	(365, '08:32:00', '19:03:00', '2022-08-30', 22),
	(366, '08:39:00', '16:34:00', '2022-09-16', 7),
	(367, '06:29:00', '23:38:00', '2023-01-10', 15),
	(368, '07:33:00', '16:26:00', '2023-01-17', 19),
	(369, '07:53:00', '21:00:00', '2022-10-06', 8),
	(370, '07:01:00', '20:07:00', '2022-05-23', 21),
	(371, '07:37:00', '19:18:00', '2023-02-08', 18),
	(372, '07:26:00', '20:12:00', '2022-05-21', 7),
	(373, '07:08:00', '21:52:00', '2023-02-06', 28),
	(374, '06:40:00', '16:29:00', '2022-07-29', 11),
	(375, '06:53:00', '20:05:00', '2022-06-16', 20),
	(376, '07:31:00', '19:30:00', '2022-05-18', 8),
	(377, '07:35:00', '20:40:00', '2022-07-19', 1),
	(378, '06:33:00', '21:54:00', '2022-04-15', 1),
	(379, '08:39:00', '22:24:00', '2023-02-11', 22),
	(380, '08:13:00', '22:04:00', '2022-12-09', 13),
	(381, '08:46:00', '19:30:00', '2022-05-10', 21),
	(382, '06:23:00', '20:10:00', '2022-08-29', 13),
	(383, '06:27:00', '18:48:00', '2022-08-17', 18),
	(384, '06:35:00', '22:23:00', '2023-03-01', 13),
	(385, '08:34:00', '18:52:00', '2022-09-11', 17),
	(386, '07:59:00', '17:34:00', '2022-10-17', 8),
	(387, '07:27:00', '18:26:00', '2022-11-08', 22),
	(388, '08:14:00', '19:17:00', '2022-09-02', 4),
	(389, '07:09:00', '23:38:00', '2023-04-01', 20),
	(390, '08:59:00', '17:57:00', '2022-07-22', 16),
	(391, '07:14:00', '23:53:00', '2022-10-30', 19),
	(392, '08:04:00', '17:54:00', '2022-08-21', 26),
	(393, '08:28:00', '23:24:00', '2022-11-02', 27),
	(394, '08:43:00', '20:35:00', '2022-04-12', 27),
	(395, '08:11:00', '20:30:00', '2022-08-24', 5),
	(396, '06:51:00', '20:12:00', '2023-04-23', 22),
	(397, '08:05:00', '22:46:00', '2022-04-28', 8),
	(398, '08:41:00', '23:17:00', '2022-04-11', 26),
	(399, '06:24:00', '16:06:00', '2023-04-12', 15),
	(400, '08:33:00', '20:45:00', '2023-02-24', 14),
	(401, '07:58:00', '22:09:00', '2023-01-31', 24),
	(402, '08:18:00', '23:15:00', '2022-04-15', 2),
	(403, '07:56:00', '16:51:00', '2022-12-30', 27),
	(404, '07:00:00', '16:40:00', '2022-07-17', 1),
	(405, '07:10:00', '20:40:00', '2022-09-21', 22),
	(406, '06:53:00', '20:19:00', '2022-11-30', 17),
	(407, '08:33:00', '17:46:00', '2023-04-17', 14),
	(408, '08:30:00', '23:05:00', '2023-03-11', 2),
	(409, '08:57:00', '18:07:00', '2022-07-05', 22),
	(410, '08:10:00', '16:48:00', '2023-04-20', 6),
	(411, '07:04:00', '16:20:00', '2022-07-12', 1),
	(412, '07:16:00', '18:43:00', '2022-10-01', 21),
	(413, '07:19:00', '17:54:00', '2022-04-23', 1),
	(414, '06:03:00', '20:42:00', '2022-04-22', 8),
	(415, '08:12:00', '20:47:00', '2023-01-04', 23),
	(416, '07:13:00', '21:28:00', '2022-06-04', 7),
	(417, '06:56:00', '18:24:00', '2022-08-26', 27),
	(418, '08:36:00', '23:22:00', '2022-09-24', 28),
	(419, '08:51:00', '22:38:00', '2022-04-02', 17),
	(420, '08:18:00', '23:43:00', '2022-04-01', 22),
	(421, '08:45:00', '18:36:00', '2023-04-27', 15),
	(422, '08:52:00', '22:38:00', '2022-11-04', 2),
	(423, '07:28:00', '17:19:00', '2022-06-16', 2),
	(424, '08:12:00', '21:23:00', '2023-01-13', 21),
	(425, '08:37:00', '16:28:00', '2022-07-21', 5),
	(426, '06:21:00', '17:58:00', '2023-02-15', 23),
	(427, '07:57:00', '17:53:00', '2023-03-29', 26),
	(428, '08:56:00', '17:57:00', '2022-12-05', 11),
	(429, '08:16:00', '23:37:00', '2022-10-27', 16),
	(430, '07:13:00', '18:31:00', '2023-01-17', 17),
	(431, '07:21:00', '21:25:00', '2022-04-12', 18),
	(432, '08:53:00', '18:38:00', '2022-07-14', 25),
	(433, '06:57:00', '19:05:00', '2022-04-05', 14),
	(434, '07:02:00', '22:29:00', '2022-12-05', 27),
	(435, '06:36:00', '20:20:00', '2023-01-12', 2),
	(436, '08:57:00', '23:38:00', '2022-04-03', 7),
	(437, '07:01:00', '21:28:00', '2023-03-08', 2),
	(438, '06:46:00', '20:37:00', '2022-10-27', 1),
	(439, '07:41:00', '19:57:00', '2022-09-10', 18),
	(440, '07:41:00', '19:12:00', '2022-11-08', 17),
	(441, '08:08:00', '17:06:00', '2022-07-25', 21),
	(442, '07:30:00', '21:01:00', '2023-04-14', 10),
	(443, '07:29:00', '19:46:00', '2022-11-02', 9),
	(444, '06:57:00', '16:23:00', '2022-11-26', 19),
	(445, '07:39:00', '20:45:00', '2022-10-13', 11),
	(446, '08:57:00', '17:36:00', '2022-10-06', 6),
	(447, '08:06:00', '21:06:00', '2022-05-11', 15),
	(448, '08:03:00', '18:05:00', '2022-07-23', 26),
	(449, '08:15:00', '21:59:00', '2022-05-07', 4),
	(450, '08:24:00', '16:34:00', '2022-12-23', 9),
	(451, '07:34:00', '17:54:00', '2022-04-04', 8),
	(452, '08:46:00', '22:58:00', '2022-12-07', 6),
	(453, '06:44:00', '19:29:00', '2022-12-15', 27),
	(454, '06:44:00', '19:59:00', '2023-01-11', 3),
	(455, '08:00:00', '21:51:00', '2023-04-29', 4),
	(456, '08:58:00', '16:31:00', '2022-09-15', 18),
	(457, '08:02:00', '18:44:00', '2022-07-09', 20),
	(458, '07:52:00', '16:35:00', '2022-11-09', 26),
	(459, '07:53:00', '18:13:00', '2022-11-20', 14),
	(460, '07:09:00', '22:10:00', '2022-06-22', 21),
	(461, '08:59:00', '21:34:00', '2023-04-19', 2),
	(462, '07:12:00', '18:57:00', '2022-07-28', 2),
	(463, '08:36:00', '16:11:00', '2022-04-28', 6),
	(464, '06:01:00', '21:50:00', '2022-09-13', 5),
	(465, '06:29:00', '16:16:00', '2023-03-11', 19),
	(466, '06:15:00', '17:17:00', '2023-04-21', 2),
	(467, '06:52:00', '18:32:00', '2022-04-23', 7),
	(468, '06:49:00', '19:38:00', '2022-06-21', 19),
	(469, '07:25:00', '17:29:00', '2022-08-31', 5),
	(470, '06:22:00', '20:34:00', '2023-03-13', 7),
	(471, '08:48:00', '16:53:00', '2022-04-21', 1),
	(472, '06:26:00', '18:25:00', '2022-12-28', 16),
	(473, '08:15:00', '23:50:00', '2022-05-13', 17),
	(474, '08:13:00', '21:02:00', '2023-04-21', 19),
	(475, '07:00:00', '23:07:00', '2022-11-13', 6),
	(476, '06:26:00', '16:41:00', '2022-11-29', 13),
	(477, '08:41:00', '23:52:00', '2023-04-06', 7),
	(478, '08:23:00', '21:24:00', '2022-11-19', 21),
	(479, '08:45:00', '17:33:00', '2022-10-14', 6),
	(480, '08:28:00', '19:05:00', '2022-12-12', 6),
	(481, '06:13:00', '20:14:00', '2022-12-19', 18),
	(482, '08:19:00', '23:03:00', '2022-10-13', 25),
	(483, '07:03:00', '23:31:00', '2023-03-07', 8),
	(484, '08:04:00', '19:46:00', '2022-05-19', 3),
	(485, '08:05:00', '21:35:00', '2023-04-16', 3),
	(486, '08:55:00', '22:41:00', '2023-01-19', 7),
	(487, '08:44:00', '18:02:00', '2023-01-04', 4),
	(488, '07:47:00', '20:35:00', '2023-01-24', 28),
	(489, '07:25:00', '22:19:00', '2022-10-27', 10),
	(490, '06:02:00', '16:20:00', '2023-02-21', 17),
	(491, '07:57:00', '23:50:00', '2022-09-24', 5),
	(492, '07:33:00', '23:10:00', '2022-10-21', 8),
	(493, '06:52:00', '20:29:00', '2023-03-30', 16),
	(494, '08:29:00', '19:59:00', '2023-04-21', 4),
	(495, '06:24:00', '17:21:00', '2022-05-11', 26),
	(496, '07:25:00', '18:57:00', '2022-12-01', 1),
	(497, '07:42:00', '18:19:00', '2022-08-10', 12),
	(498, '07:44:00', '19:51:00', '2022-12-23', 4),
	(499, '06:41:00', '20:54:00', '2023-02-26', 4),
	(500, '08:43:00', '20:00:00', '2023-03-12', 16),
	(501, '08:39:00', '16:51:00', '2022-04-25', 16),
	(502, '08:01:00', '22:38:00', '2022-11-05', 21),
	(503, '07:20:00', '21:39:00', '2023-03-31', 10),
	(504, '08:26:00', '18:05:00', '2023-01-05', 16),
	(505, '06:11:00', '16:28:00', '2022-06-02', 3),
	(506, '06:28:00', '16:55:00', '2023-01-17', 12),
	(507, '08:45:00', '23:35:00', '2022-12-20', 12),
	(508, '06:49:00', '17:46:00', '2022-05-10', 7),
	(509, '07:34:00', '16:06:00', '2022-07-24', 12),
	(510, '08:17:00', '23:38:00', '2022-04-28', 13),
	(511, '06:40:00', '22:52:00', '2022-08-12', 1),
	(512, '08:36:00', '23:16:00', '2022-09-13', 11),
	(513, '08:47:00', '20:20:00', '2022-12-06', 8),
	(514, '08:46:00', '16:29:00', '2023-01-03', 3),
	(515, '08:06:00', '22:36:00', '2022-06-09', 1),
	(516, '07:21:00', '22:49:00', '2022-04-07', 22),
	(517, '08:16:00', '22:58:00', '2022-08-06', 16),
	(518, '08:08:00', '21:34:00', '2023-03-10', 12),
	(519, '08:14:00', '20:29:00', '2022-09-19', 8),
	(520, '08:09:00', '23:41:00', '2023-02-09', 18),
	(521, '06:19:00', '20:14:00', '2022-05-08', 10),
	(522, '06:18:00', '18:34:00', '2022-11-30', 22),
	(523, '08:01:00', '19:56:00', '2023-01-09', 1),
	(524, '06:25:00', '22:48:00', '2023-04-12', 27),
	(525, '07:36:00', '23:22:00', '2022-04-24', 8),
	(526, '08:10:00', '18:04:00', '2022-06-14', 3),
	(527, '07:43:00', '17:38:00', '2022-08-24', 28),
	(528, '06:33:00', '16:20:00', '2023-04-04', 21),
	(529, '08:29:00', '19:23:00', '2022-08-21', 13),
	(530, '06:28:00', '20:46:00', '2023-02-19', 27),
	(531, '08:11:00', '18:24:00', '2023-01-15', 28),
	(532, '08:09:00', '19:00:00', '2022-06-03', 28),
	(533, '06:13:00', '17:52:00', '2022-08-16', 19),
	(534, '07:53:00', '23:34:00', '2022-05-16', 28),
	(535, '07:10:00', '17:58:00', '2022-12-03', 17),
	(536, '08:49:00', '17:01:00', '2023-04-18', 20),
	(537, '07:23:00', '23:04:00', '2022-08-03', 6),
	(538, '08:31:00', '22:35:00', '2022-10-18', 5),
	(539, '08:11:00', '16:22:00', '2023-04-01', 5),
	(540, '08:16:00', '19:43:00', '2022-10-31', 26),
	(541, '08:25:00', '18:58:00', '2022-09-11', 6),
	(542, '08:55:00', '22:10:00', '2022-12-12', 26),
	(543, '08:27:00', '16:53:00', '2022-04-05', 26),
	(544, '07:10:00', '21:52:00', '2022-07-06', 13),
	(545, '08:23:00', '18:52:00', '2023-02-02', 17),
	(546, '08:16:00', '23:53:00', '2022-08-07', 19),
	(547, '06:01:00', '21:17:00', '2022-12-17', 9),
	(548, '08:33:00', '22:50:00', '2023-03-01', 12),
	(549, '08:47:00', '16:30:00', '2022-05-26', 1),
	(550, '07:15:00', '21:08:00', '2023-04-29', 4),
	(551, '08:08:00', '19:16:00', '2023-02-15', 24),
	(552, '07:30:00', '18:19:00', '2022-07-01', 7),
	(553, '06:21:00', '19:17:00', '2023-02-12', 13),
	(554, '06:01:00', '19:43:00', '2022-05-08', 7),
	(555, '08:18:00', '21:59:00', '2022-04-20', 4),
	(556, '07:10:00', '19:52:00', '2022-04-15', 24),
	(557, '08:23:00', '19:22:00', '2022-11-29', 17),
	(558, '07:44:00', '17:22:00', '2023-04-16', 11),
	(559, '08:47:00', '16:07:00', '2022-04-15', 16),
	(560, '08:28:00', '18:38:00', '2022-07-08', 22),
	(561, '08:14:00', '22:07:00', '2022-08-28', 5),
	(562, '07:14:00', '17:30:00', '2022-07-28', 5),
	(563, '07:27:00', '19:34:00', '2022-04-22', 21),
	(564, '07:05:00', '17:27:00', '2023-03-22', 21),
	(565, '06:30:00', '18:57:00', '2022-10-16', 6),
	(566, '08:15:00', '16:29:00', '2022-11-14', 28),
	(567, '06:26:00', '19:47:00', '2022-12-22', 7),
	(568, '08:09:00', '21:06:00', '2023-03-13', 5),
	(569, '07:52:00', '19:33:00', '2023-02-24', 11),
	(570, '06:26:00', '18:31:00', '2023-01-23', 12),
	(571, '07:17:00', '19:21:00', '2023-04-25', 1);

-- Listage de la structure de table oriondb. ms_position
DROP TABLE IF EXISTS `ms_position`;
CREATE TABLE IF NOT EXISTS `ms_position` (
  `position_id` bigint NOT NULL AUTO_INCREMENT,
  `position_date` date DEFAULT NULL,
  `employee_id` bigint DEFAULT NULL,
  `role_id` bigint DEFAULT NULL,
  `service_id` bigint DEFAULT NULL,
  `subdivision_id` int DEFAULT NULL,
  `location` varchar(255) DEFAULT NULL,
  `status` varchar(255) CHARACTER SET utf8mb4 COLLATE utf8mb4_0900_ai_ci NOT NULL DEFAULT 'ACTIVE',
  PRIMARY KEY (`position_id`),
  KEY `FK9smk984kybfv8bttioaolqhu5` (`employee_id`),
  KEY `FK17bbhunbhln130bav6hfkt6bh` (`role_id`),
  KEY `FKj8v21rj1tn9wm366clq29qrru` (`service_id`),
  KEY `FK422r87w36k0dtoxinua0kkgib` (`subdivision_id`),
  CONSTRAINT `FK17bbhunbhln130bav6hfkt6bh` FOREIGN KEY (`role_id`) REFERENCES `tb_role` (`role_id`),
  CONSTRAINT `FK422r87w36k0dtoxinua0kkgib` FOREIGN KEY (`subdivision_id`) REFERENCES `tb_subdivision` (`subdivision_id`),
  CONSTRAINT `FK9smk984kybfv8bttioaolqhu5` FOREIGN KEY (`employee_id`) REFERENCES `tb_employee` (`employee_id`),
  CONSTRAINT `FKj8v21rj1tn9wm366clq29qrru` FOREIGN KEY (`service_id`) REFERENCES `tb_service` (`service_id`)
) ENGINE=InnoDB AUTO_INCREMENT=30 DEFAULT CHARSET=utf8mb4 COLLATE=utf8mb4_0900_ai_ci;

-- Listage des données de la table oriondb.ms_position : ~28 rows (environ)
INSERT INTO `ms_position` (`position_id`, `position_date`, `employee_id`, `role_id`, `service_id`, `subdivision_id`, `location`, `status`) VALUES
	(1, '2023-03-06', 1, 2, NULL, 13, 'ABIDJAN', 'ACTIVE'),
	(2, '2023-03-06', 2, 5, 4, NULL, 'ABIDJAN', 'ACTIVE'),
	(3, '2023-03-06', 3, 5, NULL, 10, 'ABIDJAN', 'ACTIVE'),
	(4, '2023-03-06', 4, 3, 5, NULL, 'ABIDJAN', 'ACTIVE'),
	(5, '2023-03-06', 5, 2, NULL, 3, 'ABIDJAN', 'ACTIVE'),
	(6, '2023-03-06', 6, 3, 1, NULL, 'ABIDJAN', 'ACTIVE'),
	(7, '2023-03-06', 7, 5, 8, NULL, 'ABIDJAN', 'ACTIVE'),
	(8, '2023-03-06', 8, 3, 8, NULL, 'ABIDJAN', 'ACTIVE'),
	(9, '2023-03-06', 9, 3, 6, NULL, 'BOUAKE', 'ACTIVE'),
	(10, '2023-03-06', 10, 2, NULL, 2, 'ABIDJAN', 'ACTIVE'),
	(11, '2023-03-06', 11, 3, 3, NULL, 'ABIDJAN', 'ACTIVE'),
	(12, '2023-03-06', 12, 3, 7, NULL, 'ABIDJAN', 'ACTIVE'),
	(13, '2023-03-06', 13, 5, 8, NULL, 'ABIDJAN', 'ACTIVE'),
	(14, '2023-03-06', 14, 5, NULL, 8, 'ABIDJAN', 'ACTIVE'),
	(15, '2023-03-06', 15, 5, 8, NULL, 'ABIDJAN', 'ACTIVE'),
	(16, '2023-03-06', 16, 5, 8, NULL, 'ABIDJAN', 'ACTIVE'),
	(17, '2023-03-06', 17, 5, 8, NULL, 'ABIDJAN', 'ACTIVE'),
	(18, '2023-03-06', 18, 5, NULL, 8, 'ABIDJAN', 'ACTIVE'),
	(19, '2023-03-06', 19, 5, NULL, 10, 'ABIDJAN', 'ACTIVE'),
	(20, '2023-03-06', 20, 5, 8, NULL, 'ABIDJAN', 'ACTIVE'),
	(21, '2023-03-06', 21, 5, NULL, 12, 'ABIDJAN', 'ACTIVE'),
	(22, '2023-03-06', 22, 5, 8, NULL, 'ABIDJAN', 'ACTIVE'),
	(23, '2023-03-06', 23, 5, NULL, 11, 'ABIDJAN', 'ACTIVE'),
	(24, '2023-03-06', 24, 3, 2, NULL, 'ABIDJAN', 'ACTIVE'),
	(25, '2023-03-06', 25, 5, 8, NULL, 'ABIDJAN', 'ACTIVE'),
	(26, '2023-03-06', 26, 5, NULL, 4, 'ABIDJAN', 'ACTIVE'),
	(27, '2023-03-06', 27, 5, 8, NULL, 'ABIDJAN', 'ACTIVE'),
	(28, '2023-03-06', 28, 5, NULL, 6, 'ABIDJAN', 'ACTIVE'),
	(29, '2022-09-06', 6, 4, NULL, 2, 'ABIDJAN', 'DEPRECATED');

-- Listage de la structure de table oriondb. tb_course
DROP TABLE IF EXISTS `tb_course`;
CREATE TABLE IF NOT EXISTS `tb_course` (
  `course_id` bigint NOT NULL AUTO_INCREMENT,
  `training_id` bigint DEFAULT NULL,
  `position_id` bigint DEFAULT NULL,
  `start_date` date DEFAULT NULL,
  `end_date` date DEFAULT NULL,
  `status` varchar(255) DEFAULT NULL,
  PRIMARY KEY (`course_id`),
  KEY `FKi6phws8t0w9pwrpsq5jxorl03` (`position_id`),
  KEY `FKaqhgiayigjsbcvr72nb4kaqr9` (`training_id`),
  CONSTRAINT `FKaqhgiayigjsbcvr72nb4kaqr9` FOREIGN KEY (`training_id`) REFERENCES `tb_training` (`training_id`),
  CONSTRAINT `FKi6phws8t0w9pwrpsq5jxorl03` FOREIGN KEY (`position_id`) REFERENCES `ms_position` (`position_id`)
) ENGINE=InnoDB AUTO_INCREMENT=12 DEFAULT CHARSET=utf8mb4 COLLATE=utf8mb4_0900_ai_ci;

-- Listage des données de la table oriondb.tb_course : ~11 rows (environ)
INSERT INTO `tb_course` (`course_id`, `training_id`, `position_id`, `start_date`, `end_date`, `status`) VALUES
	(1, 1, 8, '2023-04-06', '2023-08-26', 'SCHEDULED'),
	(2, 1, 12, '2023-04-06', '2023-08-26', 'SCHEDULED'),
	(3, 1, 4, '2023-04-06', '2023-08-26', 'SCHEDULED'),
	(4, 2, 12, '2023-01-09', '2023-01-13', 'FINISHED'),
	(5, 2, 11, '2023-01-09', '2023-01-13', 'FAILLED'),
	(6, 2, 6, '2023-01-09', '2023-01-13', 'FINISHED'),
	(7, 2, 9, '2023-01-09', '2023-01-13', 'SCHEDULED'),
	(8, 3, 24, '2023-02-08', '2023-02-24', 'FINISHED'),
	(9, 3, 4, '2023-02-08', '2023-02-24', 'FINISHED'),
	(10, 4, 8, '2023-10-21', '2023-10-21', 'IN_PROGRESS'),
	(11, 4, 6, '2023-10-21', '2023-10-21', 'IN_PROGRESS');

-- Listage de la structure de table oriondb. tb_employee
DROP TABLE IF EXISTS `tb_employee`;
CREATE TABLE IF NOT EXISTS `tb_employee` (
  `employee_id` bigint NOT NULL AUTO_INCREMENT,
  `matricule` varchar(255) CHARACTER SET utf8mb4 COLLATE utf8mb4_0900_ai_ci NOT NULL,
  `last_name` varchar(255) CHARACTER SET utf8mb4 COLLATE utf8mb4_0900_ai_ci NOT NULL,
  `first_name` varchar(255) CHARACTER SET utf8mb4 COLLATE utf8mb4_0900_ai_ci NOT NULL,
  `gender` varchar(255) CHARACTER SET utf8mb4 COLLATE utf8mb4_0900_ai_ci DEFAULT NULL,
  `email` varchar(255) DEFAULT NULL,
  `contact` varchar(255) CHARACTER SET utf8mb4 COLLATE utf8mb4_0900_ai_ci DEFAULT NULL,
  PRIMARY KEY (`employee_id`)
) ENGINE=InnoDB AUTO_INCREMENT=29 DEFAULT CHARSET=utf8mb4 COLLATE=utf8mb4_0900_ai_ci;

-- Listage des données de la table oriondb.tb_employee : ~28 rows (environ)
INSERT INTO `tb_employee` (`employee_id`, `matricule`, `last_name`, `first_name`, `gender`, `email`, `contact`) VALUES
	(1, '1080720A', 'ANGOUA', 'YOBOUATH GUY CHARLES  ', 'M', 'guy-charles.angoua@arti.ci', ''),
	(2, '2270921A', 'ANOH', 'AMA LISETTE DESIREE Epse AFFANOU', 'F', 'lisette.affanou@arti.ci', '0799852917'),
	(3, '1390722B', 'BAILLY', 'ERIC THEODORE   ', 'M', 'eric.bailly@arti.ci', ''),
	(4, '1230521B', 'BEN', 'MOURAD MOHAMED ALY  ', 'M', 'ben.mourad@arti.ci', ''),
	(5, '1281021B', 'BOKOUA', 'ZIOGBA SEBASTIEN   ', 'M', 'sebastien.bokoua@arti.ci', ''),
	(6, '1260921C', 'CISSE', 'ALASSANE AL MOUSTAPHA  ', 'M', 'al-moustapha.cisse@arti.ci', '0799852919'),
	(7, '1150820C', 'COULIBALY', 'MOUSSA    ', 'M', 'moussa.coulibaly@arti.ci', ''),
	(8, '2090720D', 'DEBEY', 'ALLEGUY LINDA CAROLE  ', 'F', 'lynda.debey@arti.ci', ''),
	(9, '1230521D', 'DIABAGATE', 'MOHAMMED', 'M', 'mohammed.diabagate@arti.ci', ''),
	(10, '1400822D', 'DJIRE', 'KELETIGUI LAMINE   ', 'M', 'lamine.djire@arti.ci', ''),
	(11, '1340222E', 'ENAN', 'EBLOTCHE JEAN-JACQUES   ', 'M', 'jj.enan@arti.ci', ''),
	(12, '1410922F', 'FOFANA', 'SIMON    ', 'M', 'simon.fofana@arti.ci', ''),
	(13, '1291021G', 'GBAMELE', 'KOUASSI SIMEON   ', 'M', NULL, ''),
	(14, '1360322G', 'GNAGNE', 'MEL PATRICK SERGES  ', 'M', 'serge.gnagne@arti.ci', ''),
	(15, '1380722G ', 'GRAH', 'FRANCK    ', 'M', NULL, ''),
	(16, '1180820K', 'KABLAN', 'JEAN CLAUDE   ', 'M', NULL, ''),
	(17, '1110720K', 'KOSSIKE', 'KANGO SERAPHIN   ', 'M', NULL, ''),
	(18, '1350322K', 'KOUADIO', 'KONAN EDMOND   ', 'M', 'edmond.kouadio@arti.ci', ''),
	(19, '1210221K', 'KOUASSI', 'KOUAME ADRIEN   ', 'M', 'adrien.kouassi@arti.ci', ''),
	(20, '1120720K', 'KUE', 'KAMONIAN VALENTIN   ', 'M', NULL, ''),
	(21, '2140820M', 'MANOUAN', 'THECLE NINA Epse KONE ', 'F', 'nina.kone@arti.ci', ''),
	(22, '2160820N', 'N\'DA', 'NIAMKEY ELYSEE Epse SEMI ', 'F', 'elysee.semi@arti.ci', ''),
	(23, '2060620N', 'NOGBOU', 'ABODJOH PAULE   ', 'F', 'paule.nogbou@arti.ci', ''),
	(24, '1250921O', 'OLOUI', 'AGANY IBIDON YVES  ', 'M', 'yves.oloui@arti.ci', '0799852918'),
	(25, '1100720S', 'SAMBARE', 'ZAKARIA    ', 'M', NULL, ''),
	(26, '2301021S', 'SEYNOU', 'AICHA    ', 'F', 'aicha.seynou@arti.ci', ''),
	(27, '1240821W', 'WILSON', 'GEORGES HONORE MENSAH  ', 'M', NULL, ''),
	(28, '2170820Y', 'YAO', 'ANYELA MARIE COLOMBE Epse ADOU', 'F', 'anyela.yao@arti.ci', '');

-- Listage de la structure de table oriondb. tb_role
DROP TABLE IF EXISTS `tb_role`;
CREATE TABLE IF NOT EXISTS `tb_role` (
  `role_id` bigint NOT NULL AUTO_INCREMENT,
  `name` varchar(255) NOT NULL,
  `short_name` varchar(255) DEFAULT NULL,
  PRIMARY KEY (`role_id`)
) ENGINE=InnoDB AUTO_INCREMENT=6 DEFAULT CHARSET=utf8mb4 COLLATE=utf8mb4_0900_ai_ci;

-- Listage des données de la table oriondb.tb_role : ~5 rows (environ)
INSERT INTO `tb_role` (`role_id`, `name`, `short_name`) VALUES
	(1, 'DIRECTEUR', 'ROLE-DIR'),
	(2, 'SOUS-DIRECTEUR', 'ROLE-SDIR'),
	(3, 'CHEF DE SERVICE', 'ROLE-CS'),
	(4, 'CHARGE D\'ETUDE', 'ROLE-CE'),
	(5, 'AGENT', 'ROLE-AG');

-- Listage de la structure de table oriondb. tb_service
DROP TABLE IF EXISTS `tb_service`;
CREATE TABLE IF NOT EXISTS `tb_service` (
  `service_id` bigint NOT NULL AUTO_INCREMENT,
  `code` varchar(255) NOT NULL,
  `name` varchar(255) NOT NULL,
  `short_name` varchar(255) DEFAULT NULL,
  `subdivision_id` int DEFAULT NULL,
  PRIMARY KEY (`service_id`),
  KEY `FKlfw3chisfkw5md83gusotdvlf` (`subdivision_id`),
  CONSTRAINT `FKlfw3chisfkw5md83gusotdvlf` FOREIGN KEY (`subdivision_id`) REFERENCES `tb_subdivision` (`subdivision_id`)
) ENGINE=InnoDB AUTO_INCREMENT=9 DEFAULT CHARSET=utf8mb4 COLLATE=utf8mb4_0900_ai_ci;

-- Listage des données de la table oriondb.tb_service : ~8 rows (environ)
INSERT INTO `tb_service` (`service_id`, `code`, `name`, `short_name`, `subdivision_id`) VALUES
	(1, 'SERV_RD', 'SERVICE RECHERCHE ET DEVELOPPEMENT', 'R&D', 2),
	(2, 'SERV_AI', 'SERVICE DE L\'AUDIT', NULL, 1),
	(3, 'SERV_PM', 'PASSATION DES MARCHES', 'PM', 5),
	(4, 'SERV_SERCOM', 'SERVICE DE LA COMMUNICATION', 'SERCOM', 4),
	(5, 'SERV_CTRL', 'SERVICE DU CONTROLE', NULL, 7),
	(6, 'SERV_SURV', 'SERVICE DE LA SURVEILLANCE', NULL, 7),
	(7, 'SERV_SARH', 'SERVICE D’ADMINISTRATION DES RESSOURCES HUMAINES ', NULL, 6),
	(8, 'SERV_GPMG', 'GESTION DU PATRIMOINE ET DES MOYENS GENERAUX ', NULL, 5);

-- Listage de la structure de table oriondb. tb_subdivision
DROP TABLE IF EXISTS `tb_subdivision`;
CREATE TABLE IF NOT EXISTS `tb_subdivision` (
  `subdivision_id` int NOT NULL,
  `code` varchar(255) NOT NULL,
  `name` varchar(255) NOT NULL,
  `short_name` varchar(255) DEFAULT NULL,
  `direction_id` int DEFAULT NULL,
  PRIMARY KEY (`subdivision_id`),
  KEY `FKt81rthu2qijxagy4c6xmrllnp` (`direction_id`),
  CONSTRAINT `FKt81rthu2qijxagy4c6xmrllnp` FOREIGN KEY (`direction_id`) REFERENCES `tb_subdivision` (`subdivision_id`)
) ENGINE=InnoDB DEFAULT CHARSET=utf8mb4 COLLATE=utf8mb4_0900_ai_ci;

-- Listage des données de la table oriondb.tb_subdivision : ~13 rows (environ)
INSERT INTO `tb_subdivision` (`subdivision_id`, `code`, `name`, `short_name`, `direction_id`) VALUES
	(1, 'DIR_DSESP', 'DIRECTION DES STATISTIQUES, DES ETUDES, DE LA STRATEGIE ET DE LA PROSPECTIVE', 'DSESP', NULL),
	(2, 'SDIR_DSE', 'SOUS-DIRECTION DES STATISTIQUES ET DES ETUDES', 'DSE', 1),
	(3, 'SDIR_DSP', 'SOUS-DIRECTION DE LA STRATEGIE ET DE LA PROSPECTIVE', 'DSP', 1),
	(4, 'DIR_DCP', 'DIRECTION DE LA COMMUNICATION ET DU PARTENARIAT', 'DCP', NULL),
	(5, 'DIR_DMGP', 'DIRECTION DES MOYENS GENERAUX ET DU PATRIMOINE', 'DMGP', NULL),
	(6, 'DIR_DGPECRP', 'DIRECTION DE LA GESTION PREVISIONNELLE DE L\'EMPLOI, DES COMPETENCES ET DES RELATION PUBLIQUES', 'DGPECRP', NULL),
	(7, 'DIR_DCSTI', 'DIRECTION DU CONTROLE ET DE LA SURVEILLANCE DU TRANSPORT INTERIEUR', 'DCSTI', NULL),
	(8, 'DIR_DRRN', 'DIRECTION DES RECOURS, DE LA REGLEMENTATION ET DES NORMES', 'DRRN', NULL),
	(9, 'DIR_DSI', 'DIRECTION DU SYSTEME D\'INFORMATION', 'DSI', NULL),
	(10, 'DIR_DRRN', 'DIRECTION DES AFFAIRES ADMINISTRATIVES ET FINANCIERES', 'DAAF', NULL),
	(11, 'DIR_DG', 'DIRECTION GENERALE', 'DG', NULL),
	(12, 'CR_PR', 'CONSEIL DE REGULATION', 'CR', NULL),
	(13, 'SDIR_DSI', 'SOUS-DIRECTION DU SYSTEME D\'INFORMATION', 'SDSI', 9);

-- Listage de la structure de table oriondb. tb_task
DROP TABLE IF EXISTS `tb_task`;
CREATE TABLE IF NOT EXISTS `tb_task` (
  `task_id` bigint NOT NULL AUTO_INCREMENT,
  `project_id` bigint DEFAULT NULL,
  `code` varchar(20) CHARACTER SET utf8mb4 COLLATE utf8mb4_0900_ai_ci DEFAULT NULL,
  `name` varchar(500) CHARACTER SET utf8mb4 COLLATE utf8mb4_0900_ai_ci NOT NULL,
  `type` varchar(20) CHARACTER SET utf8mb4 COLLATE utf8mb4_0900_ai_ci DEFAULT NULL,
  `start_date` date DEFAULT NULL,
  `end_date` date DEFAULT NULL,
  `status` varchar(20) CHARACTER SET utf8mb4 COLLATE utf8mb4_0900_ai_ci DEFAULT NULL,
  `progress` double DEFAULT NULL,
  `budget` bigint DEFAULT NULL,
  `comment` varchar(1000) DEFAULT NULL,
  PRIMARY KEY (`task_id`),
  KEY `FK74wtlwxy65q4gp1d0m0698bl0` (`project_id`),
  CONSTRAINT `FK74wtlwxy65q4gp1d0m0698bl0` FOREIGN KEY (`project_id`) REFERENCES `tb_task` (`task_id`)
) ENGINE=InnoDB AUTO_INCREMENT=11 DEFAULT CHARSET=utf8mb4 COLLATE=utf8mb4_0900_ai_ci;

-- Listage des données de la table oriondb.tb_task : ~8 rows (environ)
INSERT INTO `tb_task` (`task_id`, `project_id`, `code`, `name`, `type`, `start_date`, `end_date`, `status`, `progress`, `budget`, `comment`) VALUES
	(1, NULL, 'A-06-21', 'Audit Diagnostic des CVT', 'OS', '2022-01-06', '2022-06-22', 'FINISHED', 100, 30000000, NULL),
	(2, NULL, 'A-01-22', 'Rédaction du plan stratégique de l\'ARTI', 'PROJECT', '2022-11-17', '2023-04-11', 'IN_PROGRESS', 78, 15000000, NULL),
	(3, NULL, 'A-02-22', 'Etude sur la tarification des service de transport', 'OS', '2022-06-22', '2023-05-24', 'IN_PROGRESS', 64, 100000000, NULL),
	(4, NULL, 'A-01-23', 'Application de suivi-évaluation des activités de l\'ARTI', 'PROJECT', '2023-01-02', '2023-05-31', 'IN_PROGRESS', 52, 0, NULL),
	(5, NULL, 'A-02-23', 'Mise en place de l\'OTC-CI', 'PROJECT', '2023-06-01', '2024-06-30', 'SCHEDULED', 0, 400000000, NULL),
	(6, 1, 'A-07-21', 'Rédaction des TDR de l\'audit diagnostic', 'ACTIVITY', '2022-01-10', '2022-01-15', 'FINISHED', 100, NULL, NULL),
	(7, 1, 'A-08-21', 'Audit des centres', 'ACTIVITY', '2022-06-06', '2022-06-22', 'FINISHED', 100, NULL, NULL),
	(8, 4, 'A-03-23', 'Prototypage de l\'application', 'ACTIVITY', '2023-01-03', '2023-02-22', 'FINISHED', NULL, NULL, NULL),
	(9, 4, 'A-04-23', 'Design des bases de données de l\'application', 'ACTIVITY', '2023-03-20', '2023-03-24', 'IN_PROGRESS', NULL, NULL, NULL),
	(10, 4, 'A-04-23', 'Mise en production', 'ACTIVITY', '2023-04-07', '2023-04-15', 'SCHEDULED', NULL, NULL, NULL);

-- Listage de la structure de table oriondb. tb_taskrole
DROP TABLE IF EXISTS `tb_taskrole`;
CREATE TABLE IF NOT EXISTS `tb_taskrole` (
  `taskrole_id` bigint NOT NULL AUTO_INCREMENT,
  `task_id` bigint DEFAULT NULL,
  `position_id` bigint DEFAULT NULL,
  `role` varchar(255) NOT NULL,
  PRIMARY KEY (`taskrole_id`),
  KEY `FKi4na2ovb22ikdnyk5jk7k3gnj` (`position_id`),
  KEY `FK1fp7hcer54gtiy0f2wutcgmce` (`task_id`),
  CONSTRAINT `FK1fp7hcer54gtiy0f2wutcgmce` FOREIGN KEY (`task_id`) REFERENCES `tb_task` (`task_id`),
  CONSTRAINT `FKi4na2ovb22ikdnyk5jk7k3gnj` FOREIGN KEY (`position_id`) REFERENCES `ms_position` (`position_id`)
) ENGINE=InnoDB AUTO_INCREMENT=8 DEFAULT CHARSET=utf8mb4 COLLATE=utf8mb4_0900_ai_ci;

-- Listage des données de la table oriondb.tb_taskrole : ~6 rows (environ)
INSERT INTO `tb_taskrole` (`taskrole_id`, `task_id`, `position_id`, `role`) VALUES
	(1, 2, 10, 'ACCOUNTABLE'),
	(2, 3, 5, 'ACCOUNTABLE'),
	(3, 4, 6, 'ACCOUNTABLE'),
	(4, 8, 6, 'RESPONSABLE'),
	(5, 9, 6, 'RESPONSABLE'),
	(6, 10, 6, 'RESPONSABLE'),
	(7, 4, 10, 'INFORMED');

-- Listage de la structure de table oriondb. tb_training
DROP TABLE IF EXISTS `tb_training`;
CREATE TABLE IF NOT EXISTS `tb_training` (
  `training_id` bigint NOT NULL AUTO_INCREMENT,
  `name` varchar(255) CHARACTER SET utf8mb4 COLLATE utf8mb4_0900_ai_ci DEFAULT NULL,
  `school` varchar(255) CHARACTER SET utf8mb4 COLLATE utf8mb4_0900_ai_ci DEFAULT NULL,
  `duration` bigint DEFAULT NULL,
  `location` varchar(255) DEFAULT NULL,
  `cost` bigint DEFAULT NULL,
  PRIMARY KEY (`training_id`)
) ENGINE=InnoDB AUTO_INCREMENT=5 DEFAULT CHARSET=utf8mb4 COLLATE=utf8mb4_0900_ai_ci;

-- Listage des données de la table oriondb.tb_training : ~4 rows (environ)
INSERT INTO `tb_training` (`training_id`, `name`, `school`, `duration`, `location`, `cost`) VALUES
	(1, 'Project Management Professional', 'Oo2Formation', 120, 'ABIDJAN', 5000000),
	(2, 'Data Analysis with Power BI', 'Stats4Decision', 5, 'PARIS', 3000000),
	(3, 'Electric Bus', 'UITP', 9, 'ONLINE', 487500),
	(4, 'Public Transport Fundamentals', 'UITP', 10, 'ONLINE', 487500);

/*!40103 SET TIME_ZONE=IFNULL(@OLD_TIME_ZONE, 'system') */;
/*!40101 SET SQL_MODE=IFNULL(@OLD_SQL_MODE, '') */;
/*!40014 SET FOREIGN_KEY_CHECKS=IFNULL(@OLD_FOREIGN_KEY_CHECKS, 1) */;
/*!40101 SET CHARACTER_SET_CLIENT=@OLD_CHARACTER_SET_CLIENT */;
/*!40111 SET SQL_NOTES=IFNULL(@OLD_SQL_NOTES, 1) */;
